{
  "losses": [
    5.539989948272705,
    5.543354511260986,
    5.542694091796875,
    5.541131496429443,
    5.539597511291504,
    5.562751293182373,
    5.571050643920898,
    5.5725884437561035,
    5.557880401611328,
    5.566588401794434,
    5.551522254943848,
    5.5800251960754395,
    5.556500434875488,
    5.549325942993164,
    5.555005073547363,
    5.549501419067383,
    5.536142349243164,
    5.548446178436279,
    5.539196968078613,
    5.53952169418335
  ],
  "final_loss": 5.53952169418335,
  "wall_sec": 0.14,
  "total_tokens": 2560,
  "loss_decreased": true
}